phrase_text,group_size,confidence_score,priority,final_correction,correction_source,source_documents,unique_companies,total_instances,best_file_name,context
เท่า,200,,HIGH_MULTI_FILE,,needs_manual_review,บจก.ยงยุทธ ก่อสร้างและการโยธา (2499)_Ratio.pdf; บริษัท พาวเวอร์เมคซิสเท็ม จำกัด_Ratio.pdf; บริษัท พิรุฬห์ แอสเซมบลีย์ จำกัด_Ratio.pdf; บริษัท ภัทรมารีน จำกัด_Ratio.pdf; บริษัท วัฒนาวิชั่นกรุ๊ป จำกัด_Ratio.pdf; บริษัท สโตเรจซิสเต็ม อินดัสตรี จำกัด_Ratio.pdf; บริษัท โฮชุง อินดัสเตรียล (ประเทศไทย) จำกัด_Ratio.pdf; บริษัท ไทจีนิค จำกัด_Ratio.pdf; บริษัท ไทยนิยม อินเตอร์โปรดักส์ จำกัด_Ratio.pdf; ใบตาล เทอร์บายน์ จำกัด_Ratio.pdf,Uncategorized; ไม่ระบุบริษัท,200,,"Row 1, Col 0: อัตราส่วนทุนหมุนเวียน ( เท่า )..."
บจก,144,,HIGH_MULTI_FILE,บจก.,dictionary_abbreviation_punctuation,บจก.ยงยุทธ ก่อสร้างและการโยธา (2499)_Related.pdf; บริษัท พาวเวอร์เมคซิสเท็ม จำกัด_Related.pdf; บริษัท พิรุฬห์ แอสเซมบลีย์ จำกัด_Related.pdf; บริษัท ภัทรมารีน จำกัด_Related.pdf; บริษัท วัฒนาวิชั่นกรุ๊ป จำกัด_Related.pdf; บริษัท สโตเรจซิสเต็ม อินดัสตรี จำกัด_Related.pdf; บริษัท โฮชุง อินดัสเตรียล (ประเทศไทย) จำกัด_Related.pdf; บริษัท ไทจีนิค จำกัด_Related.pdf; บริษัท ไทยนิยม อินเตอร์โปรดักส์ จำกัด_Related.pdf; ใบตาล เทอร์บายน์ จำกัด_Related.pdf,Uncategorized; ไม่ระบุบริษัท,144,,"Row 1, Col 1: โฮชุง อินดัสเตรียล ( ประเทศไทย ) ( บจก .)..."
รวม,72,,HIGH_MULTI_FILE,,needs_manual_review,บจก.ยงยุทธ ก่อสร้างและการโยธา (2499)_Shareholders.pdf; บริษัท พาวเวอร์เมคซิสเท็ม จำกัด_Shareholders.pdf; บริษัท พิรุฬห์ แอสเซมบลีย์ จำกัด_Shareholders.pdf; บริษัท ภัทรมารีน จำกัด_Shareholders.pdf; บริษัท วัฒนาวิชั่นกรุ๊ป จำกัด_Shareholders.pdf; บริษัท สโตเรจซิสเต็ม อินดัสตรี จำกัด_Shareholders.pdf; บริษัท โฮชุง อินดัสเตรียล (ประเทศไทย) จำกัด_Shareholders.pdf; บริษัท ไทจีนิค จำกัด_Shareholders.pdf; บริษัท ไทยนิยม อินเตอร์โปรดักส์ จำกัด_Shareholders.pdf; ใบตาล เทอร์บายน์ จำกัด_Shareholders.pdf,Uncategorized; ไม่ระบุบริษัท,72,,"Row 3, Col 0: รวม..."
สินทรัพย์หมุนเวียนอืน,64,,HIGH_MULTI_FILE,สินทรัพย์หมุนเวียนอื่น,dictionary_character_fix,บจก.ยงยุทธ ก่อสร้างและการโยธา (2499)_BS67.pdf; บจก.ยงยุทธ ก่อสร้างและการโยธา (2499)_Cash Flow.pdf; บจก.ยงยุทธ ก่อสร้างและการโยธา (2499)_Compare BS.pdf; บริษัท พาวเวอร์เมคซิสเท็ม จำกัด_BS67.pdf; บริษัท พาวเวอร์เมคซิสเท็ม จำกัด_Cash Flow.pdf; บริษัท พาวเวอร์เมคซิสเท็ม จำกัด_Compare BS.pdf; บริษัท พิรุฬห์ แอสเซมบลีย์ จำกัด_Cash Flow.pdf; บริษัท พิรุฬห์ แอสเซมบลีย์ จำกัด_Compare BS.pdf; บริษัท ภัทรมารีน จำกัด_Cash Flow.pdf; บริษัท ภัทรมารีน จำกัด_Compare BS.pdf; บริษัท สโตเรจซิสเต็ม อินดัสตรี จำกัด_BS67.pdf; บริษัท สโตเรจซิสเต็ม อินดัสตรี จำกัด_Cash Flow.pdf; บริษัท สโตเรจซิสเต็ม อินดัสตรี จำกัด_Compare BS.pdf; บริษัท โฮชุง อินดัสเตรียล (ประเทศไทย) จำกัด_Compare BS.pdf; บริษัท ไทจีนิค จำกัด_BS67.pdf; บริษัท ไทจีนิค จำกัด_Cash Flow.pdf; บริษัท ไทจีนิค จำกัด_Compare BS.pdf; บริษัท ไทยนิยม อินเตอร์โปรดักส์ จำกัด_BS67.pdf; บริษัท ไทยนิยม อินเตอร์โปรดักส์ จำกัด_Cash Flow.pdf; บริษัท ไทยนิยม อินเตอร์โปรดักส์ จำกัด_Compare BS.pdf; ใบตาล เทอร์บายน์ จำกัด_BS67.pdf; ใบตาล เทอร์บายน์ จำกัด_Cash Flow.pdf; ใบตาล เทอร์บายน์ จำกัด_Compare BS.pdf,Uncategorized; ไม่ระบุบริษัท,64,,"Row 5, Col 0: สินทรัพย์หมุนเวียนอืน..."
วัน,60,,HIGH_MULTI_FILE,,needs_manual_review,บจก.ยงยุทธ ก่อสร้างและการโยธา (2499)_Ratio.pdf; บริษัท พาวเวอร์เมคซิสเท็ม จำกัด_Ratio.pdf; บริษัท พิรุฬห์ แอสเซมบลีย์ จำกัด_Ratio.pdf; บริษัท ภัทรมารีน จำกัด_Ratio.pdf; บริษัท วัฒนาวิชั่นกรุ๊ป จำกัด_Ratio.pdf; บริษัท สโตเรจซิสเต็ม อินดัสตรี จำกัด_Ratio.pdf; บริษัท โฮชุง อินดัสเตรียล (ประเทศไทย) จำกัด_Ratio.pdf; บริษัท ไทจีนิค จำกัด_Ratio.pdf; บริษัท ไทยนิยม อินเตอร์โปรดักส์ จำกัด_Ratio.pdf; ใบตาล เทอร์บายน์ จำกัด_Ratio.pdf,Uncategorized; ไม่ระบุบริษัท,60,,"Row 6, Col 0: ระยะเวลาเก็บหนี ( วัน )..."
รวมส่วนของผู้ถือหุ้น,52,,HIGH_MULTI_FILE,รวมส่วนของผู้ถือหุ้น,dictionary_spacing,บจก.ยงยุทธ ก่อสร้างและการโยธา (2499)_BS67.pdf; บจก.ยงยุทธ ก่อสร้างและการโยธา (2499)_Compare BS.pdf; บริษัท พาวเวอร์เมคซิสเท็ม จำกัด_BS67.pdf; บริษัท พาวเวอร์เมคซิสเท็ม จำกัด_Compare BS.pdf; บริษัท พิรุฬห์ แอสเซมบลีย์ จำกัด_BS67.pdf; บริษัท พิรุฬห์ แอสเซมบลีย์ จำกัด_Compare BS.pdf; บริษัท ภัทรมารีน จำกัด_BS67.pdf; บริษัท ภัทรมารีน จำกัด_Compare BS.pdf; บริษัท วัฒนาวิชั่นกรุ๊ป จำกัด_BS67.pdf; บริษัท วัฒนาวิชั่นกรุ๊ป จำกัด_Compare BS.pdf; บริษัท สโตเรจซิสเต็ม อินดัสตรี จำกัด_BS67.pdf; บริษัท สโตเรจซิสเต็ม อินดัสตรี จำกัด_Compare BS.pdf; บริษัท โฮชุง อินดัสเตรียล (ประเทศไทย) จำกัด_BS67.pdf; บริษัท โฮชุง อินดัสเตรียล (ประเทศไทย) จำกัด_Compare BS.pdf; บริษัท ไทจีนิค จำกัด_BS67.pdf; บริษัท ไทจีนิค จำกัด_Compare BS.pdf; บริษัท ไทยนิยม อินเตอร์โปรดักส์ จำกัด_BS67.pdf; บริษัท ไทยนิยม อินเตอร์โปรดักส์ จำกัด_Compare BS.pdf; ใบตาล เทอร์บายน์ จำกัด_BS67.pdf; ใบตาล เทอร์บายน์ จำกัด_Compare BS.pdf,Uncategorized; ไม่ระบุบริษัท,52,,"Row 2, Col 0: รวมส่วนของผู้ถือหุ้น..."
บาท,44,,HIGH_MULTI_FILE,,needs_manual_review,บจก.ยงยุทธ ก่อสร้างและการโยธา (2499)_Compare BS.pdf; บจก.ยงยุทธ ก่อสร้างและการโยธา (2499)_Gen Info.pdf; บริษัท พาวเวอร์เมคซิสเท็ม จำกัด_Compare BS.pdf; บริษัท พิรุฬห์ แอสเซมบลีย์ จำกัด_Compare BS.pdf; บริษัท ภัทรมารีน จำกัด_Compare BS.pdf; บริษัท วัฒนาวิชั่นกรุ๊ป จำกัด_Compare BS.pdf; บริษัท วัฒนาวิชั่นกรุ๊ป จำกัด_Gen Info.pdf; บริษัท สโตเรจซิสเต็ม อินดัสตรี จำกัด_Compare BS.pdf; บริษัท โฮชุง อินดัสเตรียล (ประเทศไทย) จำกัด_Compare BS.pdf; บริษัท ไทจีนิค จำกัด_Compare BS.pdf; บริษัท ไทยนิยม อินเตอร์โปรดักส์ จำกัด_Compare BS.pdf; ใบตาล เทอร์บายน์ จำกัด_Compare BS.pdf,Uncategorized; ไม่ระบุบริษัท,44,,"Row 12, Col 0: มูลค่าทีตราไว ( บาท ) - จด ทะเบียน..."
สะสม,43,,HIGH_MULTI_FILE,,needs_manual_review,บจก.ยงยุทธ ก่อสร้างและการโยธา (2499)_BS67.pdf; บจก.ยงยุทธ ก่อสร้างและการโยธา (2499)_Compare BS.pdf; บริษัท พาวเวอร์เมคซิสเท็ม จำกัด_BS67.pdf; บริษัท พาวเวอร์เมคซิสเท็ม จำกัด_Compare BS.pdf; บริษัท พิรุฬห์ แอสเซมบลีย์ จำกัด_BS67.pdf; บริษัท พิรุฬห์ แอสเซมบลีย์ จำกัด_Compare BS.pdf; บริษัท ภัทรมารีน จำกัด_BS67.pdf; บริษัท ภัทรมารีน จำกัด_Compare BS.pdf; บริษัท วัฒนาวิชั่นกรุ๊ป จำกัด_BS67.pdf; บริษัท วัฒนาวิชั่นกรุ๊ป จำกัด_Compare BS.pdf; บริษัท สโตเรจซิสเต็ม อินดัสตรี จำกัด_BS67.pdf; บริษัท สโตเรจซิสเต็ม อินดัสตรี จำกัด_Compare BS.pdf; บริษัท โฮชุง อินดัสเตรียล (ประเทศไทย) จำกัด_BS67.pdf; บริษัท โฮชุง อินดัสเตรียล (ประเทศไทย) จำกัด_Compare BS.pdf; บริษัท ไทจีนิค จำกัด_BS67.pdf; บริษัท ไทจีนิค จำกัด_Compare BS.pdf; บริษัท ไทยนิยม อินเตอร์โปรดักส์ จำกัด_BS67.pdf; บริษัท ไทยนิยม อินเตอร์โปรดักส์ จำกัด_Compare BS.pdf; ใบตาล เทอร์บายน์ จำกัด_BS67.pdf; ใบตาล เทอร์บายน์ จำกัด_Compare BS.pdf,Uncategorized; ไม่ระบุบริษัท,43,,"Row 32, Col 0: กําไร ( ขาดทุน ) สะสม..."
มูลค่าทีตราไว,40,,HIGH_MULTI_FILE,มูลค่าที่ตราไว,dictionary_character_fix,บจก.ยงยุทธ ก่อสร้างและการโยธา (2499)_Compare BS.pdf; บริษัท พาวเวอร์เมคซิสเท็ม จำกัด_Compare BS.pdf; บริษัท พิรุฬห์ แอสเซมบลีย์ จำกัด_Compare BS.pdf; บริษัท ภัทรมารีน จำกัด_Compare BS.pdf; บริษัท วัฒนาวิชั่นกรุ๊ป จำกัด_Compare BS.pdf; บริษัท สโตเรจซิสเต็ม อินดัสตรี จำกัด_Compare BS.pdf; บริษัท โฮชุง อินดัสเตรียล (ประเทศไทย) จำกัด_Compare BS.pdf; บริษัท ไทจีนิค จำกัด_Compare BS.pdf; บริษัท ไทยนิยม อินเตอร์โปรดักส์ จำกัด_Compare BS.pdf; ใบตาล เทอร์บายน์ จำกัด_Compare BS.pdf,Uncategorized; ไม่ระบุบริษัท,40,,"Row 12, Col 0: มูลค่าทีตราไว ( บาท ) - จด ทะเบียน..."
ค่าใช จ่ายค างจ่าย,29,,HIGH_MULTI_FILE,ค่าใช้จ่ายค่างจ่าย,dictionary_character_fix,บจก.ยงยุทธ ก่อสร้างและการโยธา (2499)_Compare BS.pdf; บริษัท พาวเวอร์เมคซิสเท็ม จำกัด_Compare BS.pdf; บริษัท พิรุฬห์ แอสเซมบลีย์ จำกัด_Compare BS.pdf; บริษัท ภัทรมารีน จำกัด_Compare BS.pdf; บริษัท สโตเรจซิสเต็ม อินดัสตรี จำกัด_Cash Flow.pdf; บริษัท สโตเรจซิสเต็ม อินดัสตรี จำกัด_Compare BS.pdf; บริษัท โฮชุง อินดัสเตรียล (ประเทศไทย) จำกัด_Compare BS.pdf; บริษัท ไทยนิยม อินเตอร์โปรดักส์ จำกัด_Compare BS.pdf; ใบตาล เทอร์บายน์ จำกัด_Cash Flow.pdf; ใบตาล เทอร์บายน์ จำกัด_Compare BS.pdf,Uncategorized; ไม่ระบุบริษัท,29,,"Row 12, Col 0: ค่าใช จ่ายค างจ่าย..."
ไทย,29,,HIGH_MULTI_FILE,,needs_manual_review,บจก.ยงยุทธ ก่อสร้างและการโยธา (2499)_Shareholders.pdf; บริษัท พาวเวอร์เมคซิสเท็ม จำกัด_Shareholders.pdf; บริษัท ภัทรมารีน จำกัด_Shareholders.pdf; บริษัท วัฒนาวิชั่นกรุ๊ป จำกัด_Shareholders.pdf; บริษัท สโตเรจซิสเต็ม อินดัสตรี จำกัด_Shareholders.pdf; บริษัท โฮชุง อินดัสเตรียล (ประเทศไทย) จำกัด_Shareholders.pdf; บริษัท ไทจีนิค จำกัด_Shareholders.pdf; บริษัท ไทยนิยม อินเตอร์โปรดักส์ จำกัด_Shareholders.pdf; ใบตาล เทอร์บายน์ จำกัด_Shareholders.pdf,Uncategorized; ไม่ระบุบริษัท,29,,"Row 0, Col 1: ไทย..."
คํานวณงบกระแสเงินสด โดยวิธีทางอ ้อม,28,,HIGH_MULTI_FILE,คํานวณงบกระแสเงินสด โดยวิธีทางอ้อม,dictionary_character_fix,บจก.ยงยุทธ ก่อสร้างและการโยธา (2499)_Cash Flow.pdf; บริษัท พาวเวอร์เมคซิสเท็ม จำกัด_Cash Flow.pdf; บริษัท พิรุฬห์ แอสเซมบลีย์ จำกัด_Cash Flow.pdf; บริษัท วัฒนาวิชั่นกรุ๊ป จำกัด_Cash Flow.pdf; บริษัท สโตเรจซิสเต็ม อินดัสตรี จำกัด_Cash Flow.pdf; บริษัท โฮชุง อินดัสเตรียล (ประเทศไทย) จำกัด_Cash Flow.pdf; บริษัท ไทจีนิค จำกัด_Cash Flow.pdf; บริษัท ไทยนิยม อินเตอร์โปรดักส์ จำกัด_Cash Flow.pdf; ใบตาล เทอร์บายน์ จำกัด_Cash Flow.pdf,Uncategorized; ไม่ระบุบริษัท,28,,"Row 0, Col 0: คํานวณงบกระแสเงินสด โดยวิธีทางอ ้อม..."
รวมส่วนของบริษัทใหญ่,27,,HIGH_MULTI_FILE,รวมส่วนของบริษัทใหญ่,dictionary_spacing,บจก.ยงยุทธ ก่อสร้างและการโยธา (2499)_BS67.pdf; บริษัท พาวเวอร์เมคซิสเท็ม จำกัด_BS67.pdf; บริษัท พิรุฬห์ แอสเซมบลีย์ จำกัด_BS67.pdf; บริษัท ภัทรมารีน จำกัด_BS67.pdf; บริษัท วัฒนาวิชั่นกรุ๊ป จำกัด_BS67.pdf; บริษัท สโตเรจซิสเต็ม อินดัสตรี จำกัด_BS67.pdf; บริษัท โฮชุง อินดัสเตรียล (ประเทศไทย) จำกัด_BS67.pdf; บริษัท ไทจีนิค จำกัด_BS67.pdf; บริษัท ไทยนิยม อินเตอร์โปรดักส์ จำกัด_BS67.pdf; ใบตาล เทอร์บายน์ จำกัด_BS67.pdf,Uncategorized; ไม่ระบุบริษัท,27,,"Row 1, Col 0: รวมส่วนของบริษัทใหญ่..."
เงินสดและรายการเทียบเท่าเงินสด,27,,HIGH_MULTI_FILE,เงินสดและรายการเทียบเท่าเงินสด,dictionary_spacing,บจก.ยงยุทธ ก่อสร้างและการโยธา (2499)_BS67.pdf; บริษัท พาวเวอร์เมคซิสเท็ม จำกัด_BS67.pdf; บริษัท พิรุฬห์ แอสเซมบลีย์ จำกัด_BS67.pdf; บริษัท ภัทรมารีน จำกัด_BS67.pdf; บริษัท วัฒนาวิชั่นกรุ๊ป จำกัด_BS67.pdf; บริษัท สโตเรจซิสเต็ม อินดัสตรี จำกัด_BS67.pdf; บริษัท โฮชุง อินดัสเตรียล (ประเทศไทย) จำกัด_BS67.pdf; บริษัท ไทจีนิค จำกัด_BS67.pdf; บริษัท ไทยนิยม อินเตอร์โปรดักส์ จำกัด_BS67.pdf; ใบตาล เทอร์บายน์ จำกัด_BS67.pdf,Uncategorized; ไม่ระบุบริษัท,27,,"Row 2, Col 0: เงินสดและรายการเทียบเท่าเงินสด..."
จํานวนหุ ้น - จดทะเบียน,25,,HIGH_MULTI_FILE,จำนวนหุ้น - จดทะเบียน,dictionary_character_fix,บจก.ยงยุทธ ก่อสร้างและการโยธา (2499)_Compare BS.pdf; บริษัท พาวเวอร์เมคซิสเท็ม จำกัด_Compare BS.pdf; บริษัท พิรุฬห์ แอสเซมบลีย์ จำกัด_Compare BS.pdf; บริษัท ภัทรมารีน จำกัด_Compare BS.pdf; บริษัท วัฒนาวิชั่นกรุ๊ป จำกัด_Compare BS.pdf; บริษัท สโตเรจซิสเต็ม อินดัสตรี จำกัด_Compare BS.pdf; บริษัท โฮชุง อินดัสเตรียล (ประเทศไทย) จำกัด_Compare BS.pdf; บริษัท ไทจีนิค จำกัด_Compare BS.pdf; บริษัท ไทยนิยม อินเตอร์โปรดักส์ จำกัด_Compare BS.pdf; ใบตาล เทอร์บายน์ จำกัด_Compare BS.pdf,Uncategorized; ไม่ระบุบริษัท,25,,"Row 11, Col 0: จํานวนหุ ้น - จดทะเบียน..."
สินค าคงเหลือ,23,,HIGH_MULTI_FILE,สินค้าคงเหลือ,dictionary_spacing,บจก.ยงยุทธ ก่อสร้างและการโยธา (2499)_BS67.pdf; บริษัท พิรุฬห์ แอสเซมบลีย์ จำกัด_BS67.pdf; บริษัท สโตเรจซิสเต็ม อินดัสตรี จำกัด_BS67.pdf; บริษัท โฮชุง อินดัสเตรียล (ประเทศไทย) จำกัด_BS67.pdf; บริษัท ไทจีนิค จำกัด_BS67.pdf; บริษัท ไทยนิยม อินเตอร์โปรดักส์ จำกัด_BS67.pdf; ใบตาล เทอร์บายน์ จำกัด_BS67.pdf,Uncategorized; ไม่ระบุบริษัท,23,,"Row 4, Col 0: สินค าคงเหลือ..."
ลดลง,22,,HIGH_MULTI_FILE,,needs_manual_review,บจก.ยงยุทธ ก่อสร้างและการโยธา (2499)_Cash Flow.pdf; บริษัท พาวเวอร์เมคซิสเท็ม จำกัด_Cash Flow.pdf; บริษัท พิรุฬห์ แอสเซมบลีย์ จำกัด_Cash Flow.pdf; บริษัท ภัทรมารีน จำกัด_Cash Flow.pdf; บริษัท วัฒนาวิชั่นกรุ๊ป จำกัด_Cash Flow.pdf; บริษัท สโตเรจซิสเต็ม อินดัสตรี จำกัด_Cash Flow.pdf; บริษัท โฮชุง อินดัสเตรียล (ประเทศไทย) จำกัด_Cash Flow.pdf; บริษัท ไทจีนิค จำกัด_Cash Flow.pdf; บริษัท ไทยนิยม อินเตอร์โปรดักส์ จำกัด_Cash Flow.pdf; ใบตาล เทอร์บายน์ จำกัด_Cash Flow.pdf,Uncategorized; ไม่ระบุบริษัท,22,,"Row 0, Col 0: เงินสดและรายการเทียบเท่า เงินสดเพิมขึน ( ลดลง ) สุ..."
การปรับปรุงด วยค่าใช จ่ายภาษี เงินได,12,,HIGH_MULTI_FILE,การปรับปรุงด้วยค่าใช้จ่ายภาษีเงินได้,dictionary_spacing,บจก.ยงยุทธ ก่อสร้างและการโยธา (2499)_Cash Flow.pdf; บริษัท สโตเรจซิสเต็ม อินดัสตรี จำกัด_Cash Flow.pdf; บริษัท ไทจีนิค จำกัด_Cash Flow.pdf; บริษัท ไทยนิยม อินเตอร์โปรดักส์ จำกัด_Cash Flow.pdf,Uncategorized; ไม่ระบุบริษัท,12,,"Row 2, Col 0: การปรับปรุงด วยค่าใช จ่ายภาษี เงินได..."
กําไรจากกิจกรรมดําเนินงาน ก่อนการเปลียนแปลงใน สินทรัพย์และหนีสินดําเนินงาน,12,,HIGH_MULTI_FILE,,needs_manual_review,บจก.ยงยุทธ ก่อสร้างและการโยธา (2499)_Cash Flow.pdf; บริษัท สโตเรจซิสเต็ม อินดัสตรี จำกัด_Cash Flow.pdf; บริษัท ไทจีนิค จำกัด_Cash Flow.pdf; บริษัท ไทยนิยม อินเตอร์โปรดักส์ จำกัด_Cash Flow.pdf,Uncategorized; ไม่ระบุบริษัท,12,,"Row 4, Col 0: กําไรจากกิจกรรมดําเนินงาน ก่อนการเปลียนแปลงใน สินท..."
กําไรจากกิจกรรมดําเนินงาน ก่อนการเปลียนแปลงใน สินทรัพย์และหนีสินดําเนิน งาน,9,,HIGH_MULTI_FILE,,needs_manual_review,บริษัท พาวเวอร์เมคซิสเท็ม จำกัด_Cash Flow.pdf; บริษัท ภัทรมารีน จำกัด_Cash Flow.pdf; บริษัท วัฒนาวิชั่นกรุ๊ป จำกัด_Cash Flow.pdf; บริษัท โฮชุง อินดัสเตรียล (ประเทศไทย) จำกัด_Cash Flow.pdf,Uncategorized; ไม่ระบุบริษัท,9,,"Row 4, Col 0: กําไรจากกิจกรรมดําเนินงาน ก่อนการเปลียนแปลงใน สินท..."
ข้อมูลเพิมเติมในส่วนของผู้,9,,HIGH_MULTI_FILE,ข้อมูลเพิ่มเติมในส่วนของผู้,dictionary_character_fix,บจก.ยงยุทธ ก่อสร้างและการโยธา (2499)_Compare BS.pdf; บริษัท พิรุฬห์ แอสเซมบลีย์ จำกัด_Compare BS.pdf; บริษัท สโตเรจซิสเต็ม อินดัสตรี จำกัด_Compare BS.pdf,Uncategorized; ไม่ระบุบริษัท,9,,"Row 9, Col 0: ข้อมูลเพิมเติมในส่วนของผู้..."
เดิม,8,,HIGH_MULTI_FILE,,needs_manual_review,บริษัท พิรุฬห์ แอสเซมบลีย์ จำกัด_Gen Info.pdf; บริษัท สโตเรจซิสเต็ม อินดัสตรี จำกัด_Gen Info.pdf; บริษัท โฮชุง อินดัสเตรียล (ประเทศไทย) จำกัด_Gen Info.pdf; บริษัท ไทยนิยม อินเตอร์โปรดักส์ จำกัด_Gen Info.pdf,Uncategorized; ไม่ระบุบริษัท,8,,"Row 2, Col 0: เลขทะเบียนนิติบุคคล ( เดิม ):..."
เอ็ม,7,,HIGH_MULTI_FILE,,needs_manual_review,บริษัท สโตเรจซิสเต็ม อินดัสตรี จำกัด_Related.pdf,Uncategorized; ไม่ระบุบริษัท,7,,"Row 1, Col 1: ที . เอ็ม . อินดัสตรี ( บจก .)..."
กําไรจากกิจกรรมดําเนินงาน ก่อนการเปลียนแปลงใน สินทรัพย์และหนีสินดําเนิน,6,,HIGH_MULTI_FILE,,needs_manual_review,บริษัท พิรุฬห์ แอสเซมบลีย์ จำกัด_Cash Flow.pdf; ใบตาล เทอร์บายน์ จำกัด_Cash Flow.pdf,Uncategorized; ไม่ระบุบริษัท,6,,"Row 4, Col 0: กําไรจากกิจกรรมดําเนินงาน ก่อนการเปลียนแปลงใน สินท..."
ถือหุ้น,6,,HIGH_MULTI_FILE,ถือหุ้น,dictionary_character_fix,บจก.ยงยุทธ ก่อสร้างและการโยธา (2499)_Compare BS.pdf; บริษัท สโตเรจซิสเต็ม อินดัสตรี จำกัด_Compare BS.pdf,Uncategorized; ไม่ระบุบริษัท,6,,"Row 10, Col 0: ถือหุ้น..."
หจก,6,,HIGH_MULTI_FILE,,needs_manual_review,บจก.ยงยุทธ ก่อสร้างและการโยธา (2499)_Related.pdf; ใบตาล เทอร์บายน์ จำกัด_Related.pdf,Uncategorized; ไม่ระบุบริษัท,6,,"Row 1, Col 1: นันทศรี ซีวิลเวอร์ค ( หจก .)..."
ผู้ตรวจสอบบัญชี จันทร์เพ็ญ เตชะกําธร 31/05/2568,5,,HIGH_MULTI_FILE,ผู้ตรวจสอบบัญชี: จันทร์เพ็ญ เตชะกําธร 31/05/2568,dictionary_spacing,บริษัท สโตเรจซิสเต็ม อินดัสตรี จำกัด_BS67.pdf,Uncategorized; ไม่ระบุบริษัท,5,,"Row 0, Col 1: ผู้ตรวจสอบบัญชี จันทร์เพ็ญ เตชะกําธร 31/05/2568..."
การผลิตผลิตภัณฑ์โลหะประดิษฐ์อืนๆซึงมิได จัด ประเภทไว้ ในทีอืน,4,,HIGH_MULTI_FILE,,needs_manual_review,บริษัท โฮชุง อินดัสเตรียล (ประเทศไทย) จำกัด_Gen Info.pdf,Uncategorized; ไม่ระบุบริษัท,4,,"Row 9, Col 1: ( ล่าสุด ) 1. การผลิตผลิตภัณฑ์โลหะประดิษฐ์อืนๆซึงม..."
การผลิตเหล็กและเหล็กกล าขันมูลฐานอืน ๆ ซึงมิได จัดประเภทไว ในทีอืน,4,,HIGH_MULTI_FILE,,needs_manual_review,บริษัท ไทยนิยม อินเตอร์โปรดักส์ จำกัด_Gen Info.pdf,Uncategorized; ไม่ระบุบริษัท,4,,"Row 9, Col 1: ( ล่าสุด ) 1. การผลิตเหล็กและเหล็กกล าขันมูลฐานอืน..."
การเช่าและการดําเนินการเกียวกับอสังหาริมทรัพย์ ทีเป็นของ ตนเองหรือเช่าจากผู้ อืนทีไม่ใช่เพือเป ็นทีพักอาศัย,4,,HIGH_MULTI_FILE,,needs_manual_review,บริษัท วัฒนาวิชั่นกรุ๊ป จำกัด_Gen Info.pdf,Uncategorized; ไม่ระบุบริษัท,4,,"Row 9, Col 1: ( ล่าสุด ) 1. การเช่าและการดําเนินการเกียวกับอสังห..."
การเช่าและการดําเนินการเกียวกับอสังหาริมทรัพย์ที เป็นของ ตนเองหรือเช่าจากผู้ อืนทีไม่ใช่เพือเป ็นทีพักอาศัย,4,,HIGH_MULTI_FILE,,needs_manual_review,บริษัท วัฒนาวิชั่นกรุ๊ป จำกัด_Gen Info.pdf,Uncategorized; ไม่ระบุบริษัท,4,,"Row 10, Col 1: ( ล่าสุด ) การเช่าและการดําเนินการเกียวกับอสังหาริ..."
กิจกรรมการบริการอืนๆทีสนับสนุนการขนส่งทาง บก ซึงมิได จัดประเภทไว ในทีอืน,4,,HIGH_MULTI_FILE,,needs_manual_review,บริษัท ภัทรมารีน จำกัด_Gen Info.pdf,Uncategorized; ไม่ระบุบริษัท,4,,"Row 8, Col 1: ( ล่าสุด ) 1. กิจกรรมการบริการอืนๆทีสนับสนุนการขนส..."
กิจการรับจ างประกอบและผลิตเครืองจักร เครืองยนต์ ยาน พาหนะ รถพ่วง,4,,HIGH_MULTI_FILE,,needs_manual_review,บริษัท พิรุฬห์ แอสเซมบลีย์ จำกัด_Gen Info.pdf,Uncategorized; ไม่ระบุบริษัท,4,,"Row 10, Col 1: ( ล่าสุด ) กิจการรับจ างประกอบและผลิตเครืองจักร เค..."
ทีเก็บกักนําและภาชนะบรรจุทีทํา จากโลหะ ซึงมิได จัดประเภท ไว ในทีอืน,4,,HIGH_MULTI_FILE,,needs_manual_review,บริษัท ไทจีนิค จำกัด_Gen Info.pdf,Uncategorized; ไม่ระบุบริษัท,4,,"Row 8, Col 1: ( ล่าสุด ) 1. การผลิตถังนําขนาดใหญ่ ( ทีมีความจุเก..."
39/4 ซอยบางนา - ตราด 25 ถนนบางนาตราด แขวงบางนา เขตบางนา จังหวัดกรุงเทพมหานคร 10260,3,,HIGH_MULTI_FILE,,needs_manual_review,บริษัท โฮชุง อินดัสเตรียล (ประเทศไทย) จำกัด_Gen Info.pdf,Uncategorized; ไม่ระบุบริษัท,3,,"Row 6, Col 1: 39/4 ซอยบางนา - ตราด 25 ถนนบางนาตราด แขวงบางนา เขต..."
58/8 หมู่ 11 ตําบลหลักสาม อําเภอบ านแพ้ว จังหวัด สมุทรสาคร 74110,3,,HIGH_MULTI_FILE,,needs_manual_review,บริษัท พิรุฬห์ แอสเซมบลีย์ จำกัด_Gen Info.pdf,Uncategorized; ไม่ระบุบริษัท,3,,"Row 6, Col 1: 58/8 หมู่ 11 ตําบลหลักสาม อําเภอบ านแพ้ว จังหวัด ส..."
81/41-42 หมู่ 3 ตําบลบางเดือ อําเภอเมืองปทุมธานี จังหวัด ปทุมธานี 12000,3,,HIGH_MULTI_FILE,,needs_manual_review,ใบตาล เทอร์บายน์ จำกัด_Gen Info.pdf,Uncategorized; ไม่ระบุบริษัท,3,,"Row 5, Col 1: 81/41-42 หมู่ 3 ตําบลบางเดือ อําเภอเมืองปทุมธานี จ..."
18/125 ถนนร่มเกล า แขวงคลองสามประเวศ เขตลาดกระบัง จังหวัดกรุงเทพมหานคร 10520,2,,MEDIUM_MULTI_FILE,,needs_manual_review,บริษัท พาวเวอร์เมคซิสเท็ม จำกัด_Gen Info.pdf,Uncategorized; ไม่ระบุบริษัท,2,,"Row 5, Col 1: 18/125 ถนนร่มเกล า แขวงคลองสามประเวศ เขตลาดกระบัง ..."
32/747-748 ถนนประชาอุทิศ แขวงทุ่งครุ เขตทุ่งครุ จังหวัด กรุงเทพมหานคร 10140,2,,MEDIUM_MULTI_FILE,,needs_manual_review,บริษัท ภัทรมารีน จำกัด_Gen Info.pdf,Uncategorized; ไม่ระบุบริษัท,2,,"Row 5, Col 1: 32/747-748 ถนนประชาอุทิศ แขวงทุ่งครุ เขตทุ่งครุ จั..."
339 หมู่ 1 ถนนสุรนารายณ์ ตําบลบ านเกาะ อําเภอเมือง นครราชสีมา จังหวัดนครราชสีมา 30000,2,,MEDIUM_MULTI_FILE,,needs_manual_review,บริษัท วัฒนาวิชั่นกรุ๊ป จำกัด_Gen Info.pdf,Uncategorized; ไม่ระบุบริษัท,2,,"Row 6, Col 1: 339 หมู่ 1 ถนนสุรนารายณ์ ตําบลบ านเกาะ อําเภอเมือง..."
5/7 หมู่ 2 ตําบลคลองเจ็ด อําเภอคลองหลวง จังหวัดปทุมธานี 12120,2,,MEDIUM_MULTI_FILE,,needs_manual_review,บริษัท ไทยนิยม อินเตอร์โปรดักส์ จำกัด_Gen Info.pdf,Uncategorized; ไม่ระบุบริษัท,2,,"Row 6, Col 1: 5/7 หมู่ 2 ตําบลคลองเจ็ด อําเภอคลองหลวง จังหวัดปทุ..."
จํานวนหุ ้น - ทีออกและเรียกชําระแล ว,2,,MEDIUM_MULTI_FILE,จำนวนหุ้น - ที่ออกและเรียกชำระแล้ว,dictionary_character_fix,บริษัท พาวเวอร์เมคซิสเท็ม จำกัด_Compare BS.pdf,Uncategorized; ไม่ระบุบริษัท,2,,"Row 16, Col 0: จํานวนหุ ้น - ทีออกและเรียกชําระแล ว..."
นายแสงชัย โชติช่วงชัชวาล นายปเนต จงวัฒนา นายสุเมธ เจียมบุตร นางสาววรรณพร ตฤณวิสุทธิกุล นายพิทักษ์ ชมชืน กรรมการสองในห้าคนนีลงลายมือชือร่วมกัน,2,,MEDIUM_MULTI_FILE,,needs_manual_review,บริษัท ไทจีนิค จำกัด_Gen Info.pdf,Uncategorized; ไม่ระบุบริษัท,2,,"Row 10, Col 1: นายแสงชัย โชติช่วงชัชวาล นายปเนต จงวัฒนา นายสุเมธ ..."
บมจ,2,,MEDIUM_MULTI_FILE,,needs_manual_review,บริษัท ไทจีนิค จำกัด_Related.pdf,Uncategorized; ไม่ระบุบริษัท,2,,"Row 6, Col 1: พัฒน์กล ( บมจ .)..."
ประกอบกิจการรับเหมาก่อสร ้างอาคาร อาคาร พาณิชย์ อาคารทีพักอาศัย สถานทีทําการ ถนน สะพาน เขือน อุโมงค์ และงานก่อสร้ างอย่างอืนทุกชนิด รวมทังรับ ทํางานโยธาทุกประเภท,2,,MEDIUM_MULTI_FILE,,needs_manual_review,ใบตาล เทอร์บายน์ จำกัด_Gen Info.pdf,Uncategorized; ไม่ระบุบริษัท,2,,"Row 9, Col 1: ( ล่าสุด ) ประกอบกิจการรับเหมาก่อสร ้างอาคาร อาคาร..."
ภาษีเงินได เกียวกับรายการทีต องไม่จัดประเภทรายการใหม่เข าไปไว้ ในกําไรหรือ ขาดทุนในภายหลัง,2,,MEDIUM_MULTI_FILE,,needs_manual_review,บริษัท ไทจีนิค จำกัด_Others.pdf,Uncategorized; ไม่ระบุบริษัท,2,,"Row 18, Col 0: ภาษีเงินได เกียวกับรายการทีต องไม่จัดประเภทรายการใ..."
มูลค่าของงานส่วนทีเสร็จแต่ยังไม่ถึงกําหนดเรียกชําระเงิน - หมุนเวียน,2,,MEDIUM_MULTI_FILE,,needs_manual_review,บริษัท พาวเวอร์เมคซิสเท็ม จำกัด_BS67.pdf,Uncategorized; ไม่ระบุบริษัท,2,,"Row 4, Col 0: มูลค่าของงานส่วนทีเสร็จแต่ยังไม่ถึงกําหนดเรียกชําร..."
รวมรายการทีจะไม่ถูกจัดประเภทรายการใหม่เข้าไปไว้ในกําไรหรือขาดทุนใน ภายหลัง - สุทธิจากภาษี,2,,MEDIUM_MULTI_FILE,,needs_manual_review,บริษัท ไทจีนิค จำกัด_Others.pdf,Uncategorized; ไม่ระบุบริษัท,2,,"Row 19, Col 0: รวมรายการทีจะไม่ถูกจัดประเภทรายการใหม่เข้าไปไว้ในก..."
รวมหนิสินและส่วนของผู้ถือหุ้น,2,,MEDIUM_MULTI_FILE,รวมหนีสินและส่วนของผู้ถือหุ้น,dictionary_character_fix,บริษัท พาวเวอร์เมคซิสเท็ม จำกัด_Compare BS.pdf,Uncategorized; ไม่ระบุบริษัท,2,,"Row 12, Col 0: รวมหนิสินและส่วนของผู้ถือหุ้น..."
รายการทีจะไม่ถูกจัดประเภทรายการใหม่เข้าไปไว้ในกําไรหรือขาดทุนในภาย หลัง,2,,MEDIUM_MULTI_FILE,,needs_manual_review,บริษัท ไทจีนิค จำกัด_Others.pdf,Uncategorized; ไม่ระบุบริษัท,2,,"Row 16, Col 0: รายการทีจะไม่ถูกจัดประเภทรายการใหม่เข้าไปไว้ในกําไ..."
เอส,2,,MEDIUM_MULTI_FILE,,needs_manual_review,บริษัท พิรุฬห์ แอสเซมบลีย์ จำกัด_Shareholders.pdf,Uncategorized; ไม่ระบุบริษัท,2,,"Row 0, Col 1: บริษัท เอ . เจ . เอส . โฮลดิง จํากัด..."
