phrase_text,group_size,confidence_score,word_count,status,needs_correction,correction_suggestion,final_correction,correction_source,source_documents,unique_companies,total_instances,best_phrase_id,best_file_name,context,created_at,updated_at
เท่า,200,,1,reviewed,True,,,needs_manual_review,บจก.ยงยุทธ ก่อสร้างและการโยธา (2499)_Ratio.pdf; บริษัท พาวเวอร์เมคซิสเท็ม จำกัด_Ratio.pdf; บริษัท พิรุฬห์ แอสเซมบลีย์ จำกัด_Ratio.pdf; บริษัท ภัทรมารีน จำกัด_Ratio.pdf; บริษัท วัฒนาวิชั่นกรุ๊ป จำกัด_Ratio.pdf; บริษัท สโตเรจซิสเต็ม อินดัสตรี จำกัด_Ratio.pdf; บริษัท โฮชุง อินดัสเตรียล (ประเทศไทย) จำกัด_Ratio.pdf; บริษัท ไทจีนิค จำกัด_Ratio.pdf; บริษัท ไทยนิยม อินเตอร์โปรดักส์ จำกัด_Ratio.pdf; ใบตาล เทอร์บายน์ จำกัด_Ratio.pdf,Uncategorized; ไม่ระบุบริษัท,200,532,,"Row 1, Col 0: อัตราส่วนทุนหมุนเวียน ( เท่า )...",2025-11-25 19:11:05,2025-11-25 19:26:00
บจก,144,,1,reviewed,True,,บจก.,dictionary_abbreviation_punctuation,บจก.ยงยุทธ ก่อสร้างและการโยธา (2499)_Related.pdf; บริษัท พาวเวอร์เมคซิสเท็ม จำกัด_Related.pdf; บริษัท พิรุฬห์ แอสเซมบลีย์ จำกัด_Related.pdf; บริษัท ภัทรมารีน จำกัด_Related.pdf; บริษัท วัฒนาวิชั่นกรุ๊ป จำกัด_Related.pdf; บริษัท สโตเรจซิสเต็ม อินดัสตรี จำกัด_Related.pdf; บริษัท โฮชุง อินดัสเตรียล (ประเทศไทย) จำกัด_Related.pdf; บริษัท ไทจีนิค จำกัด_Related.pdf; บริษัท ไทยนิยม อินเตอร์โปรดักส์ จำกัด_Related.pdf; ใบตาล เทอร์บายน์ จำกัด_Related.pdf,Uncategorized; ไม่ระบุบริษัท,144,691,,"Row 1, Col 1: โฮชุง อินดัสเตรียล ( ประเทศไทย ) ( บจก .)...",2025-11-25 19:11:05,2025-11-25 19:26:00
รวม,72,,1,reviewed,True,,,needs_manual_review,บจก.ยงยุทธ ก่อสร้างและการโยธา (2499)_Shareholders.pdf; บริษัท พาวเวอร์เมคซิสเท็ม จำกัด_Shareholders.pdf; บริษัท พิรุฬห์ แอสเซมบลีย์ จำกัด_Shareholders.pdf; บริษัท ภัทรมารีน จำกัด_Shareholders.pdf; บริษัท วัฒนาวิชั่นกรุ๊ป จำกัด_Shareholders.pdf; บริษัท สโตเรจซิสเต็ม อินดัสตรี จำกัด_Shareholders.pdf; บริษัท โฮชุง อินดัสเตรียล (ประเทศไทย) จำกัด_Shareholders.pdf; บริษัท ไทจีนิค จำกัด_Shareholders.pdf; บริษัท ไทยนิยม อินเตอร์โปรดักส์ จำกัด_Shareholders.pdf; ใบตาล เทอร์บายน์ จำกัด_Shareholders.pdf,Uncategorized; ไม่ระบุบริษัท,72,468,,"Row 3, Col 0: รวม...",2025-11-25 19:11:05,2025-11-25 19:26:00
สินทรัพย์หมุนเวียนอืน,64,,1,reviewed,True,สินทรัพย์หมุนเวียนอื่น,สินทรัพย์หมุนเวียนอื่น,dictionary_character_fix,บจก.ยงยุทธ ก่อสร้างและการโยธา (2499)_BS67.pdf; บจก.ยงยุทธ ก่อสร้างและการโยธา (2499)_Cash Flow.pdf; บจก.ยงยุทธ ก่อสร้างและการโยธา (2499)_Compare BS.pdf; บริษัท พาวเวอร์เมคซิสเท็ม จำกัด_BS67.pdf; บริษัท พาวเวอร์เมคซิสเท็ม จำกัด_Cash Flow.pdf; บริษัท พาวเวอร์เมคซิสเท็ม จำกัด_Compare BS.pdf; บริษัท พิรุฬห์ แอสเซมบลีย์ จำกัด_Cash Flow.pdf; บริษัท พิรุฬห์ แอสเซมบลีย์ จำกัด_Compare BS.pdf; บริษัท ภัทรมารีน จำกัด_Cash Flow.pdf; บริษัท ภัทรมารีน จำกัด_Compare BS.pdf; บริษัท สโตเรจซิสเต็ม อินดัสตรี จำกัด_BS67.pdf; บริษัท สโตเรจซิสเต็ม อินดัสตรี จำกัด_Cash Flow.pdf; บริษัท สโตเรจซิสเต็ม อินดัสตรี จำกัด_Compare BS.pdf; บริษัท โฮชุง อินดัสเตรียล (ประเทศไทย) จำกัด_Compare BS.pdf; บริษัท ไทจีนิค จำกัด_BS67.pdf; บริษัท ไทจีนิค จำกัด_Cash Flow.pdf; บริษัท ไทจีนิค จำกัด_Compare BS.pdf; บริษัท ไทยนิยม อินเตอร์โปรดักส์ จำกัด_BS67.pdf; บริษัท ไทยนิยม อินเตอร์โปรดักส์ จำกัด_Cash Flow.pdf; บริษัท ไทยนิยม อินเตอร์โปรดักส์ จำกัด_Compare BS.pdf; ใบตาล เทอร์บายน์ จำกัด_BS67.pdf; ใบตาล เทอร์บายน์ จำกัด_Cash Flow.pdf; ใบตาล เทอร์บายน์ จำกัด_Compare BS.pdf,Uncategorized; ไม่ระบุบริษัท,64,6,,"Row 5, Col 0: สินทรัพย์หมุนเวียนอืน...",2025-11-25 19:11:05,2025-11-25 19:26:00
วัน,60,,1,reviewed,True,,,needs_manual_review,บจก.ยงยุทธ ก่อสร้างและการโยธา (2499)_Ratio.pdf; บริษัท พาวเวอร์เมคซิสเท็ม จำกัด_Ratio.pdf; บริษัท พิรุฬห์ แอสเซมบลีย์ จำกัด_Ratio.pdf; บริษัท ภัทรมารีน จำกัด_Ratio.pdf; บริษัท วัฒนาวิชั่นกรุ๊ป จำกัด_Ratio.pdf; บริษัท สโตเรจซิสเต็ม อินดัสตรี จำกัด_Ratio.pdf; บริษัท โฮชุง อินดัสเตรียล (ประเทศไทย) จำกัด_Ratio.pdf; บริษัท ไทจีนิค จำกัด_Ratio.pdf; บริษัท ไทยนิยม อินเตอร์โปรดักส์ จำกัด_Ratio.pdf; ใบตาล เทอร์บายน์ จำกัด_Ratio.pdf,Uncategorized; ไม่ระบุบริษัท,60,541,,"Row 6, Col 0: ระยะเวลาเก็บหนี ( วัน )...",2025-11-25 19:11:05,2025-11-25 19:26:00
รวมส่วนของผู้ถือหุ้น,52,,1,reviewed,True,รวมส่วนของผู้ถือหุ้น,รวมส่วนของผู้ถือหุ้น,dictionary_spacing,บจก.ยงยุทธ ก่อสร้างและการโยธา (2499)_BS67.pdf; บจก.ยงยุทธ ก่อสร้างและการโยธา (2499)_Compare BS.pdf; บริษัท พาวเวอร์เมคซิสเท็ม จำกัด_BS67.pdf; บริษัท พาวเวอร์เมคซิสเท็ม จำกัด_Compare BS.pdf; บริษัท พิรุฬห์ แอสเซมบลีย์ จำกัด_BS67.pdf; บริษัท พิรุฬห์ แอสเซมบลีย์ จำกัด_Compare BS.pdf; บริษัท ภัทรมารีน จำกัด_BS67.pdf; บริษัท ภัทรมารีน จำกัด_Compare BS.pdf; บริษัท วัฒนาวิชั่นกรุ๊ป จำกัด_BS67.pdf; บริษัท วัฒนาวิชั่นกรุ๊ป จำกัด_Compare BS.pdf; บริษัท สโตเรจซิสเต็ม อินดัสตรี จำกัด_BS67.pdf; บริษัท สโตเรจซิสเต็ม อินดัสตรี จำกัด_Compare BS.pdf; บริษัท โฮชุง อินดัสเตรียล (ประเทศไทย) จำกัด_BS67.pdf; บริษัท โฮชุง อินดัสเตรียล (ประเทศไทย) จำกัด_Compare BS.pdf; บริษัท ไทจีนิค จำกัด_BS67.pdf; บริษัท ไทจีนิค จำกัด_Compare BS.pdf; บริษัท ไทยนิยม อินเตอร์โปรดักส์ จำกัด_BS67.pdf; บริษัท ไทยนิยม อินเตอร์โปรดักส์ จำกัด_Compare BS.pdf; ใบตาล เทอร์บายน์ จำกัด_BS67.pdf; ใบตาล เทอร์บายน์ จำกัด_Compare BS.pdf,Uncategorized; ไม่ระบุบริษัท,52,43,,"Row 2, Col 0: รวมส่วนของผู้ถือหุ้น...",2025-11-25 19:11:05,2025-11-25 19:26:00
บาท,44,,1,reviewed,True,,,needs_manual_review,บจก.ยงยุทธ ก่อสร้างและการโยธา (2499)_Compare BS.pdf; บจก.ยงยุทธ ก่อสร้างและการโยธา (2499)_Gen Info.pdf; บริษัท พาวเวอร์เมคซิสเท็ม จำกัด_Compare BS.pdf; บริษัท พิรุฬห์ แอสเซมบลีย์ จำกัด_Compare BS.pdf; บริษัท ภัทรมารีน จำกัด_Compare BS.pdf; บริษัท วัฒนาวิชั่นกรุ๊ป จำกัด_Compare BS.pdf; บริษัท วัฒนาวิชั่นกรุ๊ป จำกัด_Gen Info.pdf; บริษัท สโตเรจซิสเต็ม อินดัสตรี จำกัด_Compare BS.pdf; บริษัท โฮชุง อินดัสเตรียล (ประเทศไทย) จำกัด_Compare BS.pdf; บริษัท ไทจีนิค จำกัด_Compare BS.pdf; บริษัท ไทยนิยม อินเตอร์โปรดักส์ จำกัด_Compare BS.pdf; ใบตาล เทอร์บายน์ จำกัด_Compare BS.pdf,Uncategorized; ไม่ระบุบริษัท,44,143,,"Row 12, Col 0: มูลค่าทีตราไว ( บาท ) - จด ทะเบียน...",2025-11-25 19:11:05,2025-11-25 19:26:00
สะสม,43,,1,reviewed,True,,,needs_manual_review,บจก.ยงยุทธ ก่อสร้างและการโยธา (2499)_BS67.pdf; บจก.ยงยุทธ ก่อสร้างและการโยธา (2499)_Compare BS.pdf; บริษัท พาวเวอร์เมคซิสเท็ม จำกัด_BS67.pdf; บริษัท พาวเวอร์เมคซิสเท็ม จำกัด_Compare BS.pdf; บริษัท พิรุฬห์ แอสเซมบลีย์ จำกัด_BS67.pdf; บริษัท พิรุฬห์ แอสเซมบลีย์ จำกัด_Compare BS.pdf; บริษัท ภัทรมารีน จำกัด_BS67.pdf; บริษัท ภัทรมารีน จำกัด_Compare BS.pdf; บริษัท วัฒนาวิชั่นกรุ๊ป จำกัด_BS67.pdf; บริษัท วัฒนาวิชั่นกรุ๊ป จำกัด_Compare BS.pdf; บริษัท สโตเรจซิสเต็ม อินดัสตรี จำกัด_BS67.pdf; บริษัท สโตเรจซิสเต็ม อินดัสตรี จำกัด_Compare BS.pdf; บริษัท โฮชุง อินดัสเตรียล (ประเทศไทย) จำกัด_BS67.pdf; บริษัท โฮชุง อินดัสเตรียล (ประเทศไทย) จำกัด_Compare BS.pdf; บริษัท ไทจีนิค จำกัด_BS67.pdf; บริษัท ไทจีนิค จำกัด_Compare BS.pdf; บริษัท ไทยนิยม อินเตอร์โปรดักส์ จำกัด_BS67.pdf; บริษัท ไทยนิยม อินเตอร์โปรดักส์ จำกัด_Compare BS.pdf; ใบตาล เทอร์บายน์ จำกัด_BS67.pdf; ใบตาล เทอร์บายน์ จำกัด_Compare BS.pdf,Uncategorized; ไม่ระบุบริษัท,43,35,,"Row 32, Col 0: กําไร ( ขาดทุน ) สะสม...",2025-11-25 19:11:05,2025-11-25 19:26:00
มูลค่าทีตราไว,40,,1,reviewed,True,มูลค่าที่ตราไว,มูลค่าที่ตราไว,dictionary_character_fix,บจก.ยงยุทธ ก่อสร้างและการโยธา (2499)_Compare BS.pdf; บริษัท พาวเวอร์เมคซิสเท็ม จำกัด_Compare BS.pdf; บริษัท พิรุฬห์ แอสเซมบลีย์ จำกัด_Compare BS.pdf; บริษัท ภัทรมารีน จำกัด_Compare BS.pdf; บริษัท วัฒนาวิชั่นกรุ๊ป จำกัด_Compare BS.pdf; บริษัท สโตเรจซิสเต็ม อินดัสตรี จำกัด_Compare BS.pdf; บริษัท โฮชุง อินดัสเตรียล (ประเทศไทย) จำกัด_Compare BS.pdf; บริษัท ไทจีนิค จำกัด_Compare BS.pdf; บริษัท ไทยนิยม อินเตอร์โปรดักส์ จำกัด_Compare BS.pdf; ใบตาล เทอร์บายน์ จำกัด_Compare BS.pdf,Uncategorized; ไม่ระบุบริษัท,40,142,,"Row 12, Col 0: มูลค่าทีตราไว ( บาท ) - จด ทะเบียน...",2025-11-25 19:11:05,2025-11-25 19:26:00
ค่าใช จ่ายค างจ่าย,29,,3,reviewed,True,ค่าใช้จ่ายค่างจ่าย,ค่าใช้จ่ายค่างจ่าย,dictionary_character_fix,บจก.ยงยุทธ ก่อสร้างและการโยธา (2499)_Compare BS.pdf; บริษัท พาวเวอร์เมคซิสเท็ม จำกัด_Compare BS.pdf; บริษัท พิรุฬห์ แอสเซมบลีย์ จำกัด_Compare BS.pdf; บริษัท ภัทรมารีน จำกัด_Compare BS.pdf; บริษัท สโตเรจซิสเต็ม อินดัสตรี จำกัด_Cash Flow.pdf; บริษัท สโตเรจซิสเต็ม อินดัสตรี จำกัด_Compare BS.pdf; บริษัท โฮชุง อินดัสเตรียล (ประเทศไทย) จำกัด_Compare BS.pdf; บริษัท ไทยนิยม อินเตอร์โปรดักส์ จำกัด_Compare BS.pdf; ใบตาล เทอร์บายน์ จำกัด_Cash Flow.pdf; ใบตาล เทอร์บายน์ จำกัด_Compare BS.pdf,Uncategorized; ไม่ระบุบริษัท,29,59,,"Row 12, Col 0: ค่าใช จ่ายค างจ่าย...",2025-11-25 19:11:05,2025-11-25 19:26:00
ไทย,29,,1,reviewed,True,,,needs_manual_review,บจก.ยงยุทธ ก่อสร้างและการโยธา (2499)_Shareholders.pdf; บริษัท พาวเวอร์เมคซิสเท็ม จำกัด_Shareholders.pdf; บริษัท ภัทรมารีน จำกัด_Shareholders.pdf; บริษัท วัฒนาวิชั่นกรุ๊ป จำกัด_Shareholders.pdf; บริษัท สโตเรจซิสเต็ม อินดัสตรี จำกัด_Shareholders.pdf; บริษัท โฮชุง อินดัสเตรียล (ประเทศไทย) จำกัด_Shareholders.pdf; บริษัท ไทจีนิค จำกัด_Shareholders.pdf; บริษัท ไทยนิยม อินเตอร์โปรดักส์ จำกัด_Shareholders.pdf; ใบตาล เทอร์บายน์ จำกัด_Shareholders.pdf,Uncategorized; ไม่ระบุบริษัท,29,464,,"Row 0, Col 1: ไทย...",2025-11-25 19:11:05,2025-11-25 19:26:00
คํานวณงบกระแสเงินสด โดยวิธีทางอ ้อม,28,,3,reviewed,True,คํานวณงบกระแสเงินสด โดยวิธีทางอ้อม,คํานวณงบกระแสเงินสด โดยวิธีทางอ้อม,dictionary_character_fix,บจก.ยงยุทธ ก่อสร้างและการโยธา (2499)_Cash Flow.pdf; บริษัท พาวเวอร์เมคซิสเท็ม จำกัด_Cash Flow.pdf; บริษัท พิรุฬห์ แอสเซมบลีย์ จำกัด_Cash Flow.pdf; บริษัท วัฒนาวิชั่นกรุ๊ป จำกัด_Cash Flow.pdf; บริษัท สโตเรจซิสเต็ม อินดัสตรี จำกัด_Cash Flow.pdf; บริษัท โฮชุง อินดัสเตรียล (ประเทศไทย) จำกัด_Cash Flow.pdf; บริษัท ไทจีนิค จำกัด_Cash Flow.pdf; บริษัท ไทยนิยม อินเตอร์โปรดักส์ จำกัด_Cash Flow.pdf; ใบตาล เทอร์บายน์ จำกัด_Cash Flow.pdf,Uncategorized; ไม่ระบุบริษัท,28,45,,"Row 0, Col 0: คํานวณงบกระแสเงินสด โดยวิธีทางอ ้อม...",2025-11-25 19:11:05,2025-11-25 19:26:00
รวมส่วนของบริษัทใหญ่,27,,1,reviewed,True,รวมส่วนของบริษัทใหญ่,รวมส่วนของบริษัทใหญ่,dictionary_spacing,บจก.ยงยุทธ ก่อสร้างและการโยธา (2499)_BS67.pdf; บริษัท พาวเวอร์เมคซิสเท็ม จำกัด_BS67.pdf; บริษัท พิรุฬห์ แอสเซมบลีย์ จำกัด_BS67.pdf; บริษัท ภัทรมารีน จำกัด_BS67.pdf; บริษัท วัฒนาวิชั่นกรุ๊ป จำกัด_BS67.pdf; บริษัท สโตเรจซิสเต็ม อินดัสตรี จำกัด_BS67.pdf; บริษัท โฮชุง อินดัสเตรียล (ประเทศไทย) จำกัด_BS67.pdf; บริษัท ไทจีนิค จำกัด_BS67.pdf; บริษัท ไทยนิยม อินเตอร์โปรดักส์ จำกัด_BS67.pdf; ใบตาล เทอร์บายน์ จำกัด_BS67.pdf,Uncategorized; ไม่ระบุบริษัท,27,42,,"Row 1, Col 0: รวมส่วนของบริษัทใหญ่...",2025-11-25 19:11:05,2025-11-25 19:26:00
เงินสดและรายการเทียบเท่าเงินสด,27,,1,reviewed,True,เงินสดและรายการเทียบเท่าเงินสด,เงินสดและรายการเทียบเท่าเงินสด,dictionary_spacing,บจก.ยงยุทธ ก่อสร้างและการโยธา (2499)_BS67.pdf; บริษัท พาวเวอร์เมคซิสเท็ม จำกัด_BS67.pdf; บริษัท พิรุฬห์ แอสเซมบลีย์ จำกัด_BS67.pdf; บริษัท ภัทรมารีน จำกัด_BS67.pdf; บริษัท วัฒนาวิชั่นกรุ๊ป จำกัด_BS67.pdf; บริษัท สโตเรจซิสเต็ม อินดัสตรี จำกัด_BS67.pdf; บริษัท โฮชุง อินดัสเตรียล (ประเทศไทย) จำกัด_BS67.pdf; บริษัท ไทจีนิค จำกัด_BS67.pdf; บริษัท ไทยนิยม อินเตอร์โปรดักส์ จำกัด_BS67.pdf; ใบตาล เทอร์บายน์ จำกัด_BS67.pdf,Uncategorized; ไม่ระบุบริษัท,27,3,,"Row 2, Col 0: เงินสดและรายการเทียบเท่าเงินสด...",2025-11-25 19:11:05,2025-11-25 19:26:00
จํานวนหุ ้น - จดทะเบียน,25,,4,reviewed,True,จำนวนหุ้น - จดทะเบียน,จำนวนหุ้น - จดทะเบียน,dictionary_character_fix,บจก.ยงยุทธ ก่อสร้างและการโยธา (2499)_Compare BS.pdf; บริษัท พาวเวอร์เมคซิสเท็ม จำกัด_Compare BS.pdf; บริษัท พิรุฬห์ แอสเซมบลีย์ จำกัด_Compare BS.pdf; บริษัท ภัทรมารีน จำกัด_Compare BS.pdf; บริษัท วัฒนาวิชั่นกรุ๊ป จำกัด_Compare BS.pdf; บริษัท สโตเรจซิสเต็ม อินดัสตรี จำกัด_Compare BS.pdf; บริษัท โฮชุง อินดัสเตรียล (ประเทศไทย) จำกัด_Compare BS.pdf; บริษัท ไทจีนิค จำกัด_Compare BS.pdf; บริษัท ไทยนิยม อินเตอร์โปรดักส์ จำกัด_Compare BS.pdf; ใบตาล เทอร์บายน์ จำกัด_Compare BS.pdf,Uncategorized; ไม่ระบุบริษัท,25,141,,"Row 11, Col 0: จํานวนหุ ้น - จดทะเบียน...",2025-11-25 19:11:05,2025-11-25 19:26:00
สินค าคงเหลือ,23,,2,reviewed,True,สินค้าคงเหลือ,สินค้าคงเหลือ,dictionary_spacing,บจก.ยงยุทธ ก่อสร้างและการโยธา (2499)_BS67.pdf; บริษัท พิรุฬห์ แอสเซมบลีย์ จำกัด_BS67.pdf; บริษัท สโตเรจซิสเต็ม อินดัสตรี จำกัด_BS67.pdf; บริษัท โฮชุง อินดัสเตรียล (ประเทศไทย) จำกัด_BS67.pdf; บริษัท ไทจีนิค จำกัด_BS67.pdf; บริษัท ไทยนิยม อินเตอร์โปรดักส์ จำกัด_BS67.pdf; ใบตาล เทอร์บายน์ จำกัด_BS67.pdf,Uncategorized; ไม่ระบุบริษัท,23,5,,"Row 4, Col 0: สินค าคงเหลือ...",2025-11-25 19:11:05,2025-11-25 19:26:00
ลดลง,22,,1,reviewed,True,,,needs_manual_review,บจก.ยงยุทธ ก่อสร้างและการโยธา (2499)_Cash Flow.pdf; บริษัท พาวเวอร์เมคซิสเท็ม จำกัด_Cash Flow.pdf; บริษัท พิรุฬห์ แอสเซมบลีย์ จำกัด_Cash Flow.pdf; บริษัท ภัทรมารีน จำกัด_Cash Flow.pdf; บริษัท วัฒนาวิชั่นกรุ๊ป จำกัด_Cash Flow.pdf; บริษัท สโตเรจซิสเต็ม อินดัสตรี จำกัด_Cash Flow.pdf; บริษัท โฮชุง อินดัสเตรียล (ประเทศไทย) จำกัด_Cash Flow.pdf; บริษัท ไทจีนิค จำกัด_Cash Flow.pdf; บริษัท ไทยนิยม อินเตอร์โปรดักส์ จำกัด_Cash Flow.pdf; ใบตาล เทอร์บายน์ จำกัด_Cash Flow.pdf,Uncategorized; ไม่ระบุบริษัท,22,82,,"Row 0, Col 0: เงินสดและรายการเทียบเท่า เงินสดเพิมขึน ( ลดลง ) สุ...",2025-11-25 19:11:05,2025-11-25 19:26:00
การปรับปรุงด วยค่าใช จ่ายภาษี เงินได,12,,4,reviewed,True,การปรับปรุงด้วยค่าใช้จ่ายภาษีเงินได้,การปรับปรุงด้วยค่าใช้จ่ายภาษีเงินได้,dictionary_spacing,บจก.ยงยุทธ ก่อสร้างและการโยธา (2499)_Cash Flow.pdf; บริษัท สโตเรจซิสเต็ม อินดัสตรี จำกัด_Cash Flow.pdf; บริษัท ไทจีนิค จำกัด_Cash Flow.pdf; บริษัท ไทยนิยม อินเตอร์โปรดักส์ จำกัด_Cash Flow.pdf,Uncategorized; ไม่ระบุบริษัท,12,49,,"Row 2, Col 0: การปรับปรุงด วยค่าใช จ่ายภาษี เงินได...",2025-11-25 19:11:05,2025-11-25 19:26:00
กําไรจากกิจกรรมดําเนินงาน ก่อนการเปลียนแปลงใน สินทรัพย์และหนีสินดําเนินงาน,12,,3,reviewed,True,,,needs_manual_review,บจก.ยงยุทธ ก่อสร้างและการโยธา (2499)_Cash Flow.pdf; บริษัท สโตเรจซิสเต็ม อินดัสตรี จำกัด_Cash Flow.pdf; บริษัท ไทจีนิค จำกัด_Cash Flow.pdf; บริษัท ไทยนิยม อินเตอร์โปรดักส์ จำกัด_Cash Flow.pdf,Uncategorized; ไม่ระบุบริษัท,12,51,,"Row 4, Col 0: กําไรจากกิจกรรมดําเนินงาน ก่อนการเปลียนแปลงใน สินท...",2025-11-25 19:11:05,2025-11-25 19:26:00
กําไรจากกิจกรรมดําเนินงาน ก่อนการเปลียนแปลงใน สินทรัพย์และหนีสินดําเนิน งาน,9,,4,reviewed,True,,,needs_manual_review,บริษัท พาวเวอร์เมคซิสเท็ม จำกัด_Cash Flow.pdf; บริษัท ภัทรมารีน จำกัด_Cash Flow.pdf; บริษัท วัฒนาวิชั่นกรุ๊ป จำกัด_Cash Flow.pdf; บริษัท โฮชุง อินดัสเตรียล (ประเทศไทย) จำกัด_Cash Flow.pdf,Uncategorized; ไม่ระบุบริษัท,9,581,,"Row 4, Col 0: กําไรจากกิจกรรมดําเนินงาน ก่อนการเปลียนแปลงใน สินท...",2025-11-25 19:11:05,2025-11-25 19:26:00
ข้อมูลเพิมเติมในส่วนของผู้,9,,1,reviewed,True,ข้อมูลเพิ่มเติมในส่วนของผู้,ข้อมูลเพิ่มเติมในส่วนของผู้,dictionary_character_fix,บจก.ยงยุทธ ก่อสร้างและการโยธา (2499)_Compare BS.pdf; บริษัท พิรุฬห์ แอสเซมบลีย์ จำกัด_Compare BS.pdf; บริษัท สโตเรจซิสเต็ม อินดัสตรี จำกัด_Compare BS.pdf,Uncategorized; ไม่ระบุบริษัท,9,139,,"Row 9, Col 0: ข้อมูลเพิมเติมในส่วนของผู้...",2025-11-25 19:11:05,2025-11-25 19:26:00
เดิม,8,,1,reviewed,True,,,needs_manual_review,บริษัท พิรุฬห์ แอสเซมบลีย์ จำกัด_Gen Info.pdf; บริษัท สโตเรจซิสเต็ม อินดัสตรี จำกัด_Gen Info.pdf; บริษัท โฮชุง อินดัสเตรียล (ประเทศไทย) จำกัด_Gen Info.pdf; บริษัท ไทยนิยม อินเตอร์โปรดักส์ จำกัด_Gen Info.pdf,Uncategorized; ไม่ระบุบริษัท,8,413,,"Row 2, Col 0: เลขทะเบียนนิติบุคคล ( เดิม ):...",2025-11-25 19:11:05,2025-11-25 19:26:00
เอ็ม,7,,1,reviewed,True,,,needs_manual_review,บริษัท สโตเรจซิสเต็ม อินดัสตรี จำกัด_Related.pdf,Uncategorized; ไม่ระบุบริษัท,7,741,,"Row 1, Col 1: ที . เอ็ม . อินดัสตรี ( บจก .)...",2025-11-25 19:11:05,2025-11-25 19:26:00
กําไรจากกิจกรรมดําเนินงาน ก่อนการเปลียนแปลงใน สินทรัพย์และหนีสินดําเนิน,6,,3,reviewed,True,,,needs_manual_review,บริษัท พิรุฬห์ แอสเซมบลีย์ จำกัด_Cash Flow.pdf; ใบตาล เทอร์บายน์ จำกัด_Cash Flow.pdf,Uncategorized; ไม่ระบุบริษัท,6,859,,"Row 4, Col 0: กําไรจากกิจกรรมดําเนินงาน ก่อนการเปลียนแปลงใน สินท...",2025-11-25 19:11:05,2025-11-25 19:26:00
ถือหุ้น,6,,1,reviewed,True,ถือหุ้น,ถือหุ้น,dictionary_character_fix,บจก.ยงยุทธ ก่อสร้างและการโยธา (2499)_Compare BS.pdf; บริษัท สโตเรจซิสเต็ม อินดัสตรี จำกัด_Compare BS.pdf,Uncategorized; ไม่ระบุบริษัท,6,140,,"Row 10, Col 0: ถือหุ้น...",2025-11-25 19:11:05,2025-11-25 19:26:00
หจก,6,,1,reviewed,True,,,needs_manual_review,บจก.ยงยุทธ ก่อสร้างและการโยธา (2499)_Related.pdf; ใบตาล เทอร์บายน์ จำกัด_Related.pdf,Uncategorized; ไม่ระบุบริษัท,6,1332,,"Row 1, Col 1: นันทศรี ซีวิลเวอร์ค ( หจก .)...",2025-11-25 19:11:05,2025-11-25 19:26:00
ผู้ตรวจสอบบัญชี จันทร์เพ็ญ เตชะกําธร 31/05/2568,5,,4,reviewed,True,ผู้ตรวจสอบบัญชี: จันทร์เพ็ญ เตชะกําธร 31/05/2568,ผู้ตรวจสอบบัญชี: จันทร์เพ็ญ เตชะกําธร 31/05/2568,dictionary_spacing,บริษัท สโตเรจซิสเต็ม อินดัสตรี จำกัด_BS67.pdf,Uncategorized; ไม่ระบุบริษัท,5,41,,"Row 0, Col 1: ผู้ตรวจสอบบัญชี จันทร์เพ็ญ เตชะกําธร 31/05/2568...",2025-11-25 19:11:05,2025-11-25 19:26:00
การผลิตผลิตภัณฑ์โลหะประดิษฐ์อืนๆซึงมิได จัด ประเภทไว้ ในทีอืน,4,,4,reviewed,True,,,needs_manual_review,บริษัท โฮชุง อินดัสเตรียล (ประเทศไทย) จำกัด_Gen Info.pdf,Uncategorized; ไม่ระบุบริษัท,4,653,,"Row 9, Col 1: ( ล่าสุด ) 1. การผลิตผลิตภัณฑ์โลหะประดิษฐ์อืนๆซึงม...",2025-11-25 19:11:05,2025-11-25 19:26:00
การผลิตเหล็กและเหล็กกล าขันมูลฐานอืน ๆ ซึงมิได จัดประเภทไว ในทีอืน,4,,6,reviewed,True,,,needs_manual_review,บริษัท ไทยนิยม อินเตอร์โปรดักส์ จำกัด_Gen Info.pdf,Uncategorized; ไม่ระบุบริษัท,4,2929,,"Row 9, Col 1: ( ล่าสุด ) 1. การผลิตเหล็กและเหล็กกล าขันมูลฐานอืน...",2025-11-25 19:11:05,2025-11-25 19:26:00
การเช่าและการดําเนินการเกียวกับอสังหาริมทรัพย์ ทีเป็นของ ตนเองหรือเช่าจากผู้ อืนทีไม่ใช่เพือเป ็นทีพักอาศัย,4,,5,reviewed,True,,,needs_manual_review,บริษัท วัฒนาวิชั่นกรุ๊ป จำกัด_Gen Info.pdf,Uncategorized; ไม่ระบุบริษัท,4,2263,,"Row 9, Col 1: ( ล่าสุด ) 1. การเช่าและการดําเนินการเกียวกับอสังห...",2025-11-25 19:11:05,2025-11-25 19:26:00
การเช่าและการดําเนินการเกียวกับอสังหาริมทรัพย์ที เป็นของ ตนเองหรือเช่าจากผู้ อืนทีไม่ใช่เพือเป ็นทีพักอาศัย,4,,5,reviewed,True,,,needs_manual_review,บริษัท วัฒนาวิชั่นกรุ๊ป จำกัด_Gen Info.pdf,Uncategorized; ไม่ระบุบริษัท,4,2267,,"Row 10, Col 1: ( ล่าสุด ) การเช่าและการดําเนินการเกียวกับอสังหาริ...",2025-11-25 19:11:05,2025-11-25 19:26:00
กิจกรรมการบริการอืนๆทีสนับสนุนการขนส่งทาง บก ซึงมิได จัดประเภทไว ในทีอืน,4,,5,reviewed,True,,,needs_manual_review,บริษัท ภัทรมารีน จำกัด_Gen Info.pdf,Uncategorized; ไม่ระบุบริษัท,4,1742,,"Row 8, Col 1: ( ล่าสุด ) 1. กิจกรรมการบริการอืนๆทีสนับสนุนการขนส...",2025-11-25 19:11:05,2025-11-25 19:26:00
กิจการรับจ างประกอบและผลิตเครืองจักร เครืองยนต์ ยาน พาหนะ รถพ่วง,4,,6,reviewed,True,,,needs_manual_review,บริษัท พิรุฬห์ แอสเซมบลีย์ จำกัด_Gen Info.pdf,Uncategorized; ไม่ระบุบริษัท,4,980,,"Row 10, Col 1: ( ล่าสุด ) กิจการรับจ างประกอบและผลิตเครืองจักร เค...",2025-11-25 19:11:05,2025-11-25 19:26:00
ทีเก็บกักนําและภาชนะบรรจุทีทํา จากโลหะ ซึงมิได จัดประเภท ไว ในทีอืน,4,,6,reviewed,True,,,needs_manual_review,บริษัท ไทจีนิค จำกัด_Gen Info.pdf,Uncategorized; ไม่ระบุบริษัท,4,2517,,"Row 8, Col 1: ( ล่าสุด ) 1. การผลิตถังนําขนาดใหญ่ ( ทีมีความจุเก...",2025-11-25 19:11:05,2025-11-25 19:26:00
39/4 ซอยบางนา - ตราด 25 ถนนบางนาตราด แขวงบางนา เขตบางนา จังหวัดกรุงเทพมหานคร 10260,3,,10,reviewed,True,,,needs_manual_review,บริษัท โฮชุง อินดัสเตรียล (ประเทศไทย) จำกัด_Gen Info.pdf,Uncategorized; ไม่ระบุบริษัท,3,647,,"Row 6, Col 1: 39/4 ซอยบางนา - ตราด 25 ถนนบางนาตราด แขวงบางนา เขต...",2025-11-25 19:11:05,2025-11-25 19:26:00
58/8 หมู่ 11 ตําบลหลักสาม อําเภอบ านแพ้ว จังหวัด สมุทรสาคร 74110,3,,9,reviewed,True,,,needs_manual_review,บริษัท พิรุฬห์ แอสเซมบลีย์ จำกัด_Gen Info.pdf,Uncategorized; ไม่ระบุบริษัท,3,970,,"Row 6, Col 1: 58/8 หมู่ 11 ตําบลหลักสาม อําเภอบ านแพ้ว จังหวัด ส...",2025-11-25 19:11:05,2025-11-25 19:26:00
81/41-42 หมู่ 3 ตําบลบางเดือ อําเภอเมืองปทุมธานี จังหวัด ปทุมธานี 12000,3,,8,reviewed,True,,,needs_manual_review,ใบตาล เทอร์บายน์ จำกัด_Gen Info.pdf,Uncategorized; ไม่ระบุบริษัท,3,1218,,"Row 5, Col 1: 81/41-42 หมู่ 3 ตําบลบางเดือ อําเภอเมืองปทุมธานี จ...",2025-11-25 19:11:05,2025-11-25 19:26:00
18/125 ถนนร่มเกล า แขวงคลองสามประเวศ เขตลาดกระบัง จังหวัดกรุงเทพมหานคร 10520,2,,7,reviewed,True,,,needs_manual_review,บริษัท พาวเวอร์เมคซิสเท็ม จำกัด_Gen Info.pdf,Uncategorized; ไม่ระบุบริษัท,2,2078,,"Row 5, Col 1: 18/125 ถนนร่มเกล า แขวงคลองสามประเวศ เขตลาดกระบัง ...",2025-11-25 19:11:05,2025-11-25 19:26:00
32/747-748 ถนนประชาอุทิศ แขวงทุ่งครุ เขตทุ่งครุ จังหวัด กรุงเทพมหานคร 10140,2,,7,reviewed,True,,,needs_manual_review,บริษัท ภัทรมารีน จำกัด_Gen Info.pdf,Uncategorized; ไม่ระบุบริษัท,2,1736,,"Row 5, Col 1: 32/747-748 ถนนประชาอุทิศ แขวงทุ่งครุ เขตทุ่งครุ จั...",2025-11-25 19:11:05,2025-11-25 19:26:00
339 หมู่ 1 ถนนสุรนารายณ์ ตําบลบ านเกาะ อําเภอเมือง นครราชสีมา จังหวัดนครราชสีมา 30000,2,,10,reviewed,True,,,needs_manual_review,บริษัท วัฒนาวิชั่นกรุ๊ป จำกัด_Gen Info.pdf,Uncategorized; ไม่ระบุบริษัท,2,2257,,"Row 6, Col 1: 339 หมู่ 1 ถนนสุรนารายณ์ ตําบลบ านเกาะ อําเภอเมือง...",2025-11-25 19:11:05,2025-11-25 19:26:00
5/7 หมู่ 2 ตําบลคลองเจ็ด อําเภอคลองหลวง จังหวัดปทุมธานี 12120,2,,7,reviewed,True,,,needs_manual_review,บริษัท ไทยนิยม อินเตอร์โปรดักส์ จำกัด_Gen Info.pdf,Uncategorized; ไม่ระบุบริษัท,2,2923,,"Row 6, Col 1: 5/7 หมู่ 2 ตําบลคลองเจ็ด อําเภอคลองหลวง จังหวัดปทุ...",2025-11-25 19:11:05,2025-11-25 19:26:00
จํานวนหุ ้น - ทีออกและเรียกชําระแล ว,2,,5,reviewed,True,จำนวนหุ้น - ที่ออกและเรียกชำระแล้ว,จำนวนหุ้น - ที่ออกและเรียกชำระแล้ว,dictionary_character_fix,บริษัท พาวเวอร์เมคซิสเท็ม จำกัด_Compare BS.pdf,Uncategorized; ไม่ระบุบริษัท,2,2148,,"Row 16, Col 0: จํานวนหุ ้น - ทีออกและเรียกชําระแล ว...",2025-11-25 19:11:05,2025-11-25 19:26:00
นายแสงชัย โชติช่วงชัชวาล นายปเนต จงวัฒนา นายสุเมธ เจียมบุตร นางสาววรรณพร ตฤณวิสุทธิกุล นายพิทักษ์ ชมชืน กรรมการสองในห้าคนนีลงลายมือชือร่วมกัน,2,,11,reviewed,True,,,needs_manual_review,บริษัท ไทจีนิค จำกัด_Gen Info.pdf,Uncategorized; ไม่ระบุบริษัท,2,2526,,"Row 10, Col 1: นายแสงชัย โชติช่วงชัชวาล นายปเนต จงวัฒนา นายสุเมธ ...",2025-11-25 19:11:05,2025-11-25 19:26:00
บมจ,2,,1,reviewed,True,,,needs_manual_review,บริษัท ไทจีนิค จำกัด_Related.pdf,Uncategorized; ไม่ระบุบริษัท,2,2763,,"Row 6, Col 1: พัฒน์กล ( บมจ .)...",2025-11-25 19:11:05,2025-11-25 19:26:00
ประกอบกิจการรับเหมาก่อสร ้างอาคาร อาคาร พาณิชย์ อาคารทีพักอาศัย สถานทีทําการ ถนน สะพาน เขือน อุโมงค์ และงานก่อสร้ างอย่างอืนทุกชนิด รวมทังรับ ทํางานโยธาทุกประเภท,2,,14,reviewed,True,,,needs_manual_review,ใบตาล เทอร์บายน์ จำกัด_Gen Info.pdf,Uncategorized; ไม่ระบุบริษัท,2,1228,,"Row 9, Col 1: ( ล่าสุด ) ประกอบกิจการรับเหมาก่อสร ้างอาคาร อาคาร...",2025-11-25 19:11:05,2025-11-25 19:26:00
ภาษีเงินได เกียวกับรายการทีต องไม่จัดประเภทรายการใหม่เข าไปไว้ ในกําไรหรือ ขาดทุนในภายหลัง,2,,6,reviewed,True,,,needs_manual_review,บริษัท ไทจีนิค จำกัด_Others.pdf,Uncategorized; ไม่ระบุบริษัท,2,2679,,"Row 18, Col 0: ภาษีเงินได เกียวกับรายการทีต องไม่จัดประเภทรายการใ...",2025-11-25 19:11:05,2025-11-25 19:26:00
มูลค่าของงานส่วนทีเสร็จแต่ยังไม่ถึงกําหนดเรียกชําระเงิน - หมุนเวียน,2,,3,reviewed,True,,,needs_manual_review,บริษัท พาวเวอร์เมคซิสเท็ม จำกัด_BS67.pdf,Uncategorized; ไม่ระบุบริษัท,2,1904,,"Row 4, Col 0: มูลค่าของงานส่วนทีเสร็จแต่ยังไม่ถึงกําหนดเรียกชําร...",2025-11-25 19:11:05,2025-11-25 19:26:00
รวมรายการทีจะไม่ถูกจัดประเภทรายการใหม่เข้าไปไว้ในกําไรหรือขาดทุนใน ภายหลัง - สุทธิจากภาษี,2,,4,reviewed,True,,,needs_manual_review,บริษัท ไทจีนิค จำกัด_Others.pdf,Uncategorized; ไม่ระบุบริษัท,2,2680,,"Row 19, Col 0: รวมรายการทีจะไม่ถูกจัดประเภทรายการใหม่เข้าไปไว้ในก...",2025-11-25 19:11:05,2025-11-25 19:26:00
รวมหนิสินและส่วนของผู้ถือหุ้น,2,,1,reviewed,True,รวมหนีสินและส่วนของผู้ถือหุ้น,รวมหนีสินและส่วนของผู้ถือหุ้น,dictionary_character_fix,บริษัท พาวเวอร์เมคซิสเท็ม จำกัด_Compare BS.pdf,Uncategorized; ไม่ระบุบริษัท,2,2142,,"Row 12, Col 0: รวมหนิสินและส่วนของผู้ถือหุ้น...",2025-11-25 19:11:05,2025-11-25 19:26:00
รายการทีจะไม่ถูกจัดประเภทรายการใหม่เข้าไปไว้ในกําไรหรือขาดทุนในภาย หลัง,2,,2,reviewed,True,,,needs_manual_review,บริษัท ไทจีนิค จำกัด_Others.pdf,Uncategorized; ไม่ระบุบริษัท,2,2675,,"Row 16, Col 0: รายการทีจะไม่ถูกจัดประเภทรายการใหม่เข้าไปไว้ในกําไ...",2025-11-25 19:11:05,2025-11-25 19:26:00
เอส,2,,1,reviewed,True,,,needs_manual_review,บริษัท พิรุฬห์ แอสเซมบลีย์ จำกัด_Shareholders.pdf,Uncategorized; ไม่ระบุบริษัท,2,1060,,"Row 0, Col 1: บริษัท เอ . เจ . เอส . โฮลดิง จํากัด...",2025-11-25 19:11:05,2025-11-25 19:26:00
